{"JmaidkUTLEdfLJPsC/YfUg==":"mbr.jpg","jRWyd+8lQuB2mNxyHQBhXA==":"mbr-1.jpg","p2QAqo3nGixMhLM+zd4r0A==":"70475295-2313696805587772-5146446984793554944-n.jpg","ji0fXvs8tNpVU0uyrnvWNw==":"anh-1.jpg","fwVQZch+dUBgbQRq8Y6sXg==":"anh-2.jpg","OzKMNWWg4ATX6+fkHRcKBw==":"anh-3.jpg","/zZ6iPmM6VMFw9dS4k13PA==":"logo.gif","r/d8JT0HqAE94+Hua8Z27g==":"hoi-cho.jpg","wQAFM+iRNDMJ6Df9aw1Zww==":"su-kien.png","ayHv9u4E+CiXSW2j7vbXeg==":"noi-that.png","EzOiWHXcxXXdxluixhFwKw==":"mbr-2.jpg","nwBKqle8q1Ms/DmzTH/Z6Q==":"hoi-cho-1.jpg","yslIILVxqq2h5QQIt6yREg==":"su-kien.jpg","fGmfyxVLY+IvW3utgN2ILw==":"noi-that.jpg","Y4/wbAS4nWoUpeRVf4mbHw==":"tochucsukienchuyennghiepthanhhoatechcommedia.jpg","wTIfHWV4OLOrjmeGh6rJRg==":"mbr-3.jpg","2AehT+k+jSjwaMJ2PSfKYw==":"mbr-4.jpg","sHdIpRBhCPbVnwzVh/hMZA==":"mbr-5.jpg","rYOtVcyHjKVnGXpgx2brzQ==":"mbr-6.jpg","yBvWMmtc6gEuh2gzibTBjQ==":"mbr-7.jpg","POlf0vdHUmJKn8rgRgoctQ==":"mbr-8.jpg","dl9VhDFVJ/WukobZaZ7D4Q==":"mbr-9.jpg"}